{"cameraMode":{"drawMode":0,"name":"Shaded","section":"Shading Mode"},"sceneLighting":false,"audioPlay":false,"sceneViewState":{"showFog":true,"showMaterialUpdate":false,"showSkybox":true,"showFlares":true,"showImageEffects":true,"showParticleSystems":true},"in2DMode":false,"pivot":{"x":0.06114615127444267,"y":-0.14785552024841309,"z":-0.208984375},"rotation":{"x":-0.23166386783123017,"y":0.6722837090492249,"z":-0.23502393066883088,"w":-0.66267329454422},"size":13.020146369934082,"orthographic":false}